{
    "castillo_aprueba": [{
            "p01": "Aprueba",
            "periodo": "ENERO 2022",
            "PERCENTAGE": 29
        },
        {
            "p01": "Aprueba",
            "periodo": "FEBRERO 2022",
            "PERCENTAGE": 28
        },
        {
            "p01": "Aprueba",
            "periodo": "MARZO 2022",
            "PERCENTAGE": 24
        },
        {
            "p01": "Aprueba",
            "periodo": "ABRIL 2022",
            "PERCENTAGE": 25
        },
        {
            "p01": "Aprueba",
            "periodo": "MAYO 2022",
            "PERCENTAGE": 21
        },
        {
            "p01": "Aprueba",
            "periodo": "JUNIO 2022",
            "PERCENTAGE": 19
        }
    ],
    "castillo_desaprueba": [{
            "p01": "Desaprueba",
            "periodo": "ENERO 2022",
            "PERCENTAGE": 62
        },
        {
            "p01": "Desaprueba",
            "periodo": "FEBRERO 2022",
            "PERCENTAGE": 63
        },
        {
            "p01": "Desaprueba",
            "periodo": "MARZO 2022",
            "PERCENTAGE": 68
        },
        {
            "p01": "Desaprueba",
            "periodo": "ABRIL 2022",
            "PERCENTAGE": 67
        },
        {
            "p01": "Desaprueba",
            "periodo": "MAYO 2022",
            "PERCENTAGE": 70
        },
        {
            "p01": "Desaprueba",
            "periodo": "JUNIO 2022",
            "PERCENTAGE": 71
        }
    ],
    "castillo_nsnp": [
        { "p01": "NS/NP", "periodo": "ENERO 2022", "PERCENTAGE": 9 },
        { "p01": "NS/NP", "periodo": "FEBRERO 2022", "PERCENTAGE": 9 },
        { "p01": "NS/NP", "periodo": "MARZO 2022", "PERCENTAGE": 8 },
        { "p01": "NS/NP", "periodo": "ABRIL 2022", "PERCENTAGE": 8 },
        { "p01": "NS/NP", "periodo": "MAYO 2022", "PERCENTAGE": 9 },
        { "p01": "NS/NP", "periodo": "JUNIO 2022", "PERCENTAGE": 10 }
    ],
    "congreso_nsnp": [{
            "p05_3": "NS/NP",
            "periodo": "ENERO 2022",
            "PERCENTAGE": 3
        },
        {
            "p05_3": "NS/NP",
            "periodo": "FEBRERO 2022",
            "PERCENTAGE": 4
        },
        {
            "p05_3": "NS/NP",
            "periodo": "MARZO 2022",
            "PERCENTAGE": 4
        },
        {
            "p05_3": "NS/NP",
            "periodo": "ABRIL 2022",
            "PERCENTAGE": 3
        },
        {
            "p05_3": "NS/NP",
            "periodo": "MAYO 2022",
            "PERCENTAGE": 3
        },
        {
            "p05_3": "NS/NP",
            "periodo": "JUNIO 2022",
            "PERCENTAGE": 3
        }
    ],
    "congreso_aprueba": [{
            "p05_3": "Aprueba",
            "periodo": "ENERO 2022",
            "PERCENTAGE": 20
        },
        {
            "p05_3": "Aprueba",
            "periodo": "FEBRERO 2022",
            "PERCENTAGE": 14
        },
        {
            "p05_3": "Aprueba",
            "periodo": "MARZO 2022",
            "PERCENTAGE": 17
        },
        {
            "p05_3": "Aprueba",
            "periodo": "ABRIL 2022",
            "PERCENTAGE": 11
        },
        {
            "p05_3": "Aprueba",
            "periodo": "MAYO 2022",
            "PERCENTAGE": 10
        },
        {
            "p05_3": "Aprueba",
            "periodo": "JUNIO 2022",
            "PERCENTAGE": 12
        }
    ],
    "congreso_desaprueba": [{
            "p05_3": "Desaprueba",
            "periodo": "ENERO 2022",
            "PERCENTAGE": 77
        },
        {
            "p05_3": "Desaprueba",
            "periodo": "FEBRERO 2022",
            "PERCENTAGE": 82
        },
        {
            "p05_3": "Desaprueba",
            "periodo": "MARZO 2022",
            "PERCENTAGE": 79
        },
        {
            "p05_3": "Desaprueba",
            "periodo": "ABRIL 2022",
            "PERCENTAGE": 86
        },
        {
            "p05_3": "Desaprueba",
            "periodo": "MAYO 2022",
            "PERCENTAGE": 87
        },
        {
            "p05_3": "Desaprueba",
            "periodo": "JUNIO 2022",
            "PERCENTAGE": 85
        }
    ],
    "anibal_desaprueba": [{
            "p01": "Desaprueba",
            "periodo": "FEBRERO 2022",
            "PERCENTAGE": 54
        },
        {
            "p01": "Desaprueba",
            "periodo": "MARZO 2022",
            "PERCENTAGE": 61
        },
        {
            "p01": "Desaprueba",
            "periodo": "ABRIL 2022",
            "PERCENTAGE": 67
        },
        {
            "p01": "Desaprueba",
            "periodo": "MAYO 2022",
            "PERCENTAGE": 70
        }
    ],
    "anibal_nsnp": [{
            "p01": "NS/NP",
            "periodo": "FEBRERO 2022",
            "PERCENTAGE": 10
        },
        {
            "p01": "NS/NP",
            "periodo": "MARZO 2022",
            "PERCENTAGE": 10
        },
        {
            "p01": "NS/NP",
            "periodo": "ABRIL 2022",
            "PERCENTAGE": 9
        },
        {
            "p01": "NS/NP",
            "periodo": "MAYO 2022",
            "PERCENTAGE": 9
        }
    ],
    "anibal_aprueba": [{
            "p01": "Aprueba",
            "periodo": "FEBRERO 2022",
            "PERCENTAGE": 36
        },
        {
            "p01": "Aprueba",
            "periodo": "MARZO 2022",
            "PERCENTAGE": 29
        },
        {
            "p01": "Aprueba",
            "periodo": "ABRIL 2022",
            "PERCENTAGE": 24
        },
        {
            "p01": "Aprueba",
            "periodo": "MAYO 2022",
            "PERCENTAGE": 21
        }
    ],
    "nse_a": [{
            "p01": "Aprueba",
            "periodo": "ENERO 2022",
            "NSEv1": "NSE A",
            "PERCENTAGE": 20.2
        },
        {
            "p01": "Desaprueba",
            "periodo": "ENERO 2022",
            "NSEv1": "NSE A",
            "PERCENTAGE": 73.3
        },
        {
            "p01": "Aprueba",
            "periodo": "FEBRERO 2022",
            "NSEv1": "NSE A",
            "PERCENTAGE": 18
        },
        {
            "p01": "Aprueba",
            "periodo": "MARZO 2022",
            "NSEv1": "NSE A",
            "PERCENTAGE": 15
        },
        {
            "p01": "Desaprueba",
            "periodo": "FEBRERO 2022",
            "NSEv1": "NSE A",
            "PERCENTAGE": 79
        },
        {
            "p01": "Desaprueba",
            "periodo": "MARZO 2022",
            "NSEv1": "NSE A",
            "PERCENTAGE": 80
        },
        {
            "p01": "Aprueba",
            "periodo": "ABRIL 2022",
            "NSEv1": "NSE A",
            "PERCENTAGE": 19
        },
        {
            "p01": "Desaprueba",
            "periodo": "ABRIL 2022",
            "NSEv1": "NSE A",
            "PERCENTAGE": 77
        },
        {
            "p01": "Aprueba",
            "periodo": "MAYO 2022",
            "NSEv1": "NSE A",
            "PERCENTAGE": 14
        },
        {
            "p01": "Desaprueba",
            "periodo": "MAYO 2022",
            "NSEv1": "NSE A",
            "PERCENTAGE": 81
        },
        {
            "p01": "Desaprueba",
            "periodo": "JUNIO 2022",
            "NSEv1": "NSE A",
            "PERCENTAGE": 84
        },
        {
            "p01": "Aprueba",
            "periodo": "JUNIO 2022",
            "NSEv1": "NSE A",
            "PERCENTAGE": 11
        }
    ],
    "nse_c": [{
            "p01": "Aprueba",
            "periodo": "ENERO 2022",
            "NSEv1": "NSE C",
            "PERCENTAGE": 25
        },
        {
            "p01": "Desaprueba",
            "periodo": "ENERO 2022",
            "NSEv1": "NSE C",
            "PERCENTAGE": 64.9
        },
        {
            "p01": "Aprueba",
            "periodo": "FEBRERO 2022",
            "NSEv1": "NSE C",
            "PERCENTAGE": 28
        },
        {
            "p01": "Aprueba",
            "periodo": "MARZO 2022",
            "NSEv1": "NSE C",
            "PERCENTAGE": 23
        },
        {
            "p01": "Desaprueba",
            "periodo": "FEBRERO 2022",
            "NSEv1": "NSE C",
            "PERCENTAGE": 65
        },
        {
            "p01": "Desaprueba",
            "periodo": "MARZO 2022",
            "NSEv1": "NSE C",
            "PERCENTAGE": 71
        },
        {
            "p01": "Desaprueba",
            "periodo": "ABRIL 2022",
            "NSEv1": "NSE C",
            "PERCENTAGE": 71
        },
        {
            "p01": "Aprueba",
            "periodo": "ABRIL 2022",
            "NSEv1": "NSE C",
            "PERCENTAGE": 21
        },
        {
            "p01": "Desaprueba",
            "periodo": "MAYO 2022",
            "NSEv1": "NSE C",
            "PERCENTAGE": 71
        },
        {
            "p01": "Aprueba",
            "periodo": "MAYO 2022",
            "NSEv1": "NSE C",
            "PERCENTAGE": 20
        },
        {
            "p01": "Desaprueba",
            "periodo": "JUNIO 2022",
            "NSEv1": "NSE C",
            "PERCENTAGE": 73
        },
        {
            "p01": "Aprueba",
            "periodo": "JUNIO 2022",
            "NSEv1": "NSE C",
            "PERCENTAGE": 16
        }
    ],
    "nse_d": [{
            "p01": "Aprueba",
            "periodo": "ENERO 2022",
            "NSEv1": "NSE D",
            "PERCENTAGE": 35.5
        },
        {
            "p01": "Desaprueba",
            "periodo": "ENERO 2022",
            "NSEv1": "NSE D",
            "PERCENTAGE": 53.9
        },
        {
            "p01": "Aprueba",
            "periodo": "FEBRERO 2022",
            "NSEv1": "NSE D",
            "PERCENTAGE": 33
        },
        {
            "p01": "Aprueba",
            "periodo": "MARZO 2022",
            "NSEv1": "NSE D",
            "PERCENTAGE": 29
        },
        {
            "p01": "Desaprueba",
            "periodo": "FEBRERO 2022",
            "NSEv1": "NSE D",
            "PERCENTAGE": 55
        },
        {
            "p01": "Desaprueba",
            "periodo": "MARZO 2022",
            "NSEv1": "NSE D",
            "PERCENTAGE": 60
        },
        {
            "p01": "Desaprueba",
            "periodo": "ABRIL 2022",
            "NSEv1": "NSE D",
            "PERCENTAGE": 60
        },
        {
            "p01": "Aprueba",
            "periodo": "ABRIL 2022",
            "NSEv1": "NSE D",
            "PERCENTAGE": 31
        },
        {
            "p01": "Desaprueba",
            "periodo": "MAYO 2022",
            "NSEv1": "NSE D",
            "PERCENTAGE": 65
        },
        {
            "p01": "Aprueba",
            "periodo": "MAYO 2022",
            "NSEv1": "NSE D",
            "PERCENTAGE": 25
        },
        {
            "p01": "Aprueba",
            "periodo": "JUNIO 2022",
            "NSEv1": "NSE D",
            "PERCENTAGE": 25
        },
        {
            "p01": "Desaprueba",
            "periodo": "JUNIO 2022",
            "NSEv1": "NSE D",
            "PERCENTAGE": 65
        }
    ],
    "ambito_lima": [{
            "p01": "Aprueba",
            "periodo": "ENERO 2022",
            "ambito": "Lima Metropolitana",
            "PERCENTAGE": 18.2
        },
        {
            "p01": "Aprueba",
            "periodo": "FEBRERO 2022",
            "ambito": "Lima Metropolitana",
            "PERCENTAGE": 17
        },
        {
            "p01": "Aprueba",
            "periodo": "MARZO 2022",
            "ambito": "Lima Metropolitana",
            "PERCENTAGE": 17
        },
        {
            "p01": "Desaprueba",
            "periodo": "ENERO 2022",
            "ambito": "Lima Metropolitana",
            "PERCENTAGE": 74.7
        },
        {
            "p01": "Desaprueba",
            "periodo": "FEBRERO 2022",
            "ambito": "Lima Metropolitana",
            "PERCENTAGE": 77
        },
        {
            "p01": "Desaprueba",
            "periodo": "MARZO 2022",
            "ambito": "Lima Metropolitana",
            "PERCENTAGE": 76
        },
        {
            "p01": "Desaprueba",
            "periodo": "ABRIL 2022",
            "ambito": "Lima Metropolitana",
            "PERCENTAGE": 81
        },
        {
            "p01": "Aprueba",
            "periodo": "ABRIL 2022",
            "ambito": "Lima Metropolitana",
            "PERCENTAGE": 67
        },
        {
            "p01": "Aprueba",
            "periodo": "MAYO 2022",
            "ambito": "Lima Metropolitana",
            "PERCENTAGE": 12
        },
        {
            "p01": "Desaprueba",
            "periodo": "MAYO 2022",
            "ambito": "Lima Metropolitana",
            "PERCENTAGE": 83
        },
        {
            "p01": "Desaprueba",
            "periodo": "JUNIO 2022",
            "ambito": "Lima Metropolitana",
            "PERCENTAGE": 85
        },
        {
            "p01": "Aprueba",
            "periodo": "JUNIO 2022",
            "ambito": "Lima Metropolitana",
            "PERCENTAGE": 8
        }
    ],
    "ambito_rural": [{
            "p01": "Aprueba",
            "periodo": "ENERO 2022",
            "ambito": "Peru rural",
            "PERCENTAGE": 39
        },
        {
            "p01": "Aprueba",
            "periodo": "FEBRERO 2022",
            "ambito": "Peru rural",
            "PERCENTAGE": 40
        },
        {
            "p01": "Aprueba",
            "periodo": "MARZO 2022",
            "ambito": "Peru rural",
            "PERCENTAGE": 37
        },
        {
            "p01": "Desaprueba",
            "periodo": "ENERO 2022",
            "ambito": "Peru rural",
            "PERCENTAGE": 52
        },
        {
            "p01": "Desaprueba",
            "periodo": "FEBRERO 2022",
            "ambito": "Peru rural",
            "PERCENTAGE": 47
        },
        {
            "p01": "Desaprueba",
            "periodo": "MARZO 2022",
            "ambito": "Peru rural",
            "PERCENTAGE": 52
        },
        {
            "p01": "Aprueba",
            "periodo": "ABRIL 2022",
            "ambito": "Peru rural",
            "PERCENTAGE": 39
        },
        {
            "p01": "Desaprueba",
            "periodo": "ABRIL 2022",
            "ambito": "Peru rural",
            "PERCENTAGE": 52
        },
        {
            "p01": "Aprueba",
            "periodo": "MAYO 2022",
            "ambito": "Peru rural",
            "PERCENTAGE": 35
        },
        {
            "p01": "Desaprueba",
            "periodo": "MAYO 2022",
            "ambito": "Peru rural",
            "PERCENTAGE": 56
        },
        {
            "p01": "Desaprueba",
            "periodo": "JUNIO 2022",
            "ambito": "Peru rural",
            "PERCENTAGE": 57
        },
        {
            "p01": "Aprueba",
            "periodo": "JUNIO 2022",
            "ambito": "Peru rural",
            "PERCENTAGE": 30
        }
    ],
    "ambito_urbano": [{
            "p01": "Aprueba",
            "periodo": "ENERO 2022",
            "ambito": "Peru urbano",
            "PERCENTAGE": 32.3
        },
        {
            "p01": "Aprueba",
            "periodo": "FEBRERO 2022",
            "ambito": "Peru urbano",
            "PERCENTAGE": 32
        },
        {
            "p01": "Aprueba",
            "periodo": "MARZO 2022",
            "ambito": "Peru urbano",
            "PERCENTAGE": 24
        },
        {
            "p01": "Desaprueba",
            "periodo": "ENERO 2022",
            "ambito": "Peru urbano",
            "PERCENTAGE": 55.7
        },
        {
            "p01": "Desaprueba",
            "periodo": "FEBRERO 2022",
            "ambito": "Peru urbano",
            "PERCENTAGE": 60
        },
        {
            "p01": "Desaprueba",
            "periodo": "MARZO 2022",
            "ambito": "Peru urbano",
            "PERCENTAGE": 69
        },
        {
            "p01": "Desaprueba",
            "periodo": "ABRIL 2022",
            "ambito": "Peru urbano",
            "PERCENTAGE": 63
        },
        {
            "p01": "Aprueba",
            "periodo": "ABRIL 2022",
            "ambito": "Peru urbano",
            "PERCENTAGE": 28
        },
        {
            "p01": "Desaprueba",
            "periodo": "MAYO 2022",
            "ambito": "Peru urbano",
            "PERCENTAGE": 68
        },
        {
            "p01": "Aprueba",
            "periodo": "MAYO 2022",
            "ambito": "Peru urbano",
            "PERCENTAGE": 21
        },
        {
            "p01": "Aprueba",
            "periodo": "JUNIO 2022",
            "ambito": "Peru urbano",
            "PERCENTAGE": 23
        },
        {
            "p01": "Desaprueba",
            "periodo": "JUNIO 2022",
            "ambito": "Peru urbano",
            "PERCENTAGE": 68
        }
    ],
    "aprobacion_ideologia_setiembre": [{
            "p12": "Centro",
            "aprobacion": 41.0467394149,
            "periodo": "SETIEMBRE 2021"
        },
        {
            "p12": "Izquierda",
            "aprobacion": 29.8142211579,
            "periodo": "SETIEMBRE 2021"
        },
        {
            "p12": "Derecha",
            "aprobacion": 52.8433183664,
            "periodo": "SETIEMBRE 2021"
        }
    ],
    "aprobacion_ideologia_octubre": [{
            "p12": "Centro",
            "aprobacion": 50.2594545573,
            "periodo": "OCTUBRE 2021"
        },
        {
            "p12": "Izquierda",
            "aprobacion": 37.8553748263,
            "periodo": "OCTUBRE 2021"
        },
        {
            "p12": "Derecha",
            "aprobacion": 53.3900921021,
            "periodo": "OCTUBRE 2021"
        }
    ],
    "mca_aprueba": [{
            "p01": "Aprueba",
            "periodo": "SETIEMBRE 2021",
            "PERCENTAGE": 34.16
        },
        { "p01": "Aprueba", "periodo": "OCTUBRE 2021", "PERCENTAGE": 28.27 },
        {
            "p01": "Aprueba",
            "periodo": "NOVIEMBRE 2021",
            "PERCENTAGE": 30.68
        },
        {
            "p01": "Aprueba",
            "periodo": "DICIEMBRE 2021",
            "PERCENTAGE": 23
        },
        {
            "p01": "Aprueba",
            "periodo": "ENERO 2022",
            "PERCENTAGE": 26
        },
        {
            "p01": "Aprueba",
            "periodo": "FEBRERO 2022",
            "PERCENTAGE": 20
        },
        {
            "p01": "Aprueba",
            "periodo": "MARZO 2022",
            "PERCENTAGE": 24
        },
        {
            "p01": "Aprueba",
            "periodo": "ABRIL 2022",
            "PERCENTAGE": 18
        },
        {
            "p01": "Aprueba",
            "periodo": "MAYO 2022",
            "PERCENTAGE": 16
        }
    ],
    "mca_desaprueba": [{
            "p01": "Desaprueba",
            "periodo": "SETIEMBRE 2021",
            "PERCENTAGE": 56.44
        },
        {
            "p01": "Desaprueba",
            "periodo": "OCTUBRE 2021",
            "PERCENTAGE": 58.17
        },
        {
            "p01": "Desaprueba",
            "periodo": "NOVIEMBRE 2021",
            "PERCENTAGE": 61.1
        },
        {
            "p01": "Desaprueba",
            "periodo": "DICIEMBRE 2021",
            "PERCENTAGE": 68
        },
        {
            "p01": "Desaprueba",
            "periodo": "ENERO 2022",
            "PERCENTAGE": 65
        },
        {
            "p01": "Desaprueba",
            "periodo": "FEBRERO 2022",
            "PERCENTAGE": 73
        },
        {
            "p01": "Desaprueba",
            "periodo": "MARZO 2022",
            "PERCENTAGE": 69
        },
        {
            "p01": "Desaprueba",
            "periodo": "ABRIL 2022",
            "PERCENTAGE": 76
        },
        {
            "p01": "Desaprueba",
            "periodo": "MAYO 2022",
            "PERCENTAGE": 77
        }
    ],
    "mca_nsnp": [{
            "p01": "NS/NP",
            "periodo": "SETIEMBRE 2021",
            "PERCENTAGE": 9.4
        },
        {
            "p01": "NS/NP",
            "periodo": "OCTUBRE 2021",
            "PERCENTAGE": 13.56
        },
        {
            "p01": "NS/NP",
            "periodo": "NOVIEMBRE 2021",
            "PERCENTAGE": 8.21
        },
        {
            "p01": "NS/NP",
            "periodo": "DICIEMBRE 2021",
            "PERCENTAGE": 9
        },
        {
            "p01": "NS/NP",
            "periodo": "ENERO 2022",
            "PERCENTAGE": 9
        },
        {
            "p01": "NS/NP",
            "periodo": "FEBRERO 2022",
            "PERCENTAGE": 7
        },
        {
            "p01": "NS/NP",
            "periodo": "MARZO 2022",
            "PERCENTAGE": 7
        },
        {
            "p01": "NS/NP",
            "periodo": "ABRIL 2022",
            "PERCENTAGE": 6
        },
        {
            "p01": "NS/NP",
            "periodo": "MAYO 2022",
            "PERCENTAGE": 7
        }
    ]
}